# Cloudflare Pages redirects
# Redirect old English homepage paths to root (301 for SEO)
/en/index.html / 301
/en/ / 301

# Language-specific routes
/fr /fr/index.html 200

# Redirect URLs without .html to .html versions (for hreflang compliance)
# English pages
/en/contact /en/contact.html 301
/en/pricing /en/pricing.html 301
/en/about /en/about.html 301
/en/blog /en/blog.html 301
/en/case-studies /en/case-studies.html 301
/en/portfolio /en/portfolio.html 301
/en/success-stories /en/success-stories.html 301
/en/insights /en/insights.html 301
/en/what-is-seo /en/what-is-seo.html 301
/en/what-is-aeo /en/what-is-aeo.html 301
/en/what-is-geo /en/what-is-geo.html 301
/en/case-study-local-service-business /en/case-study-local-service-business.html 301
/en/case-study-mango-spraytan /en/case-study-mango-spraytan.html 301
/en/complete-seo-guide /en/complete-seo-guide.html 301
/en/technical-seo-checklist /en/technical-seo-checklist.html 301
/en/seo-content-template /en/seo-content-template.html 301
/en/on-page-seo-checklist /en/on-page-seo-checklist.html 301
/en/local-seo-checklist /en/local-seo-checklist.html 301
/en/geo-content-checklist /en/geo-content-checklist.html 301
/en/aeo-content-checklist /en/aeo-content-checklist.html 301
/en/website-audit-guide /en/website-audit-guide.html 301
/en/quality-policy /en/quality-policy.html 301
/en/environmental-policy /en/environmental-policy.html 301
/en/privacy /en/privacy.html 301
/en/cookies-policy /en/cookies-policy.html 301

# French pages
/fr/contact /fr/contact.html 301
/fr/pricing /fr/pricing.html 301
/fr/about /fr/about.html 301
/fr/blog /fr/blog.html 301
/fr/case-studies /fr/case-studies.html 301
/fr/portfolio /fr/portfolio.html 301
/fr/success-stories /fr/success-stories.html 301
/fr/insights /fr/insights.html 301
/fr/what-is-seo /fr/what-is-seo.html 301
/fr/what-is-aeo /fr/what-is-aeo.html 301
/fr/what-is-geo /fr/what-is-geo.html 301
/fr/quality-policy /fr/quality-policy.html 301
/fr/environmental-policy /fr/environmental-policy.html 301

